{"cameraMode":{"drawMode":0,"name":"Shaded","section":"Shading Mode"},"sceneLighting":true,"audioPlay":false,"sceneViewState":{"showFog":true,"showMaterialUpdate":false,"showSkybox":true,"showFlares":true,"showImageEffects":true,"showParticleSystems":true},"in2DMode":false,"pivot":{"x":1.2645882368087769,"y":1.7029160261154175,"z":4.396081447601318},"rotation":{"x":-0.12037844955921173,"y":-0.13534197211265565,"z":0.016581889241933824,"w":-0.9833714365959168},"size":2.976379156112671,"orthographic":false}